Time(s),Value(bpm)
57.0066418,123
57.1316418,123
57.2566418,123
57.3816418,0
57.5066418,0
57.6316418,0
57.7566418,0
57.8816418,123
