Time(s),Value(bpm)
57.0066418,96
57.1316418,97
57.2566418,97
57.3816418,97
57.5066418,97
57.6316418,97
57.7566418,97
57.8816418,97
